NumOfLines,RawExecuteTime,TimeWithAssert
100,5.483875051140785,5.509332986548543
1000,51.18941701948643,51.21212499216199
2000,111.83858301956207,111.86083301436156
3000,162.34487504698336,162.3672500718385
4000,217.78520802035928,217.80770807527006
5000,294.0003330586478,294.02245802339166
6000,396.25129208434373,396.27408306114376
7000,479.708541999571,479.7310420544818
8000,535.844707977958,535.8672080328688
9000,626.4325000811368,626.4559170231223
10000,708.911000052467,708.933167043142
